rawLabel,normalizedLabel,documentCode,confidence,language,source,notes
CIN,cin,DOC_ID_CIN,high,fr,seed,
Carte d'identité nationale,carte identite nationale,DOC_ID_CIN,high,fr,seed,
Photocopie CIN,photocopie cin,DOC_ID_CIN,medium,fr,seed,Variante de format
Acte de naissance,acte naissance,DOC_CIV_BIRTH,high,fr,seed,
Certificat de résidence,certificat residence,DOC_RES_CERT,high,fr,seed,
"Certificat de résidence,",certificat de residence ,DOC_RES_CERT,medium,fr,auto-pass-2026-03-21,auto-added from UNMAPPED frequency=18
Réquisition,requisition,DOC_TBD,low,fr,auto-pass-2026-03-21,auto-added from UNMAPPED frequency=17
Certificat de résidence,certificat de residence,DOC_RES_CERT,medium,fr,auto-pass-2026-03-21,auto-added from UNMAPPED frequency=16
Une chemise ordinaire,une chemise ordinaire,DOC_TBD,low,fr,auto-pass-2026-03-21,auto-added from UNMAPPED frequency=15
Avis de crédit,avis de credit,DOC_TBD,low,fr,auto-pass-2026-03-21,auto-added from UNMAPPED frequency=15
"Demande manuscrite ou par mail adressée au DG de l'INSTN, incluant la demande de facture pro forma",demande manuscrite ou par mail adressee au dg de l instn incluant la demande de facture pro forma,DOC_REQ_APPLICATION_LETTER,medium,fr,auto-pass-2026-03-21,auto-added from UNMAPPED frequency=14
Demande adressée au Directeur Général de l'INSPC avec l'avis favorable du chef hiérarchique,demande adressee au directeur general de l inspc avec l avis favorable du chef hierarchique,DOC_TBD,low,fr,auto-pass-2026-03-21,auto-added from UNMAPPED frequency=13
CV détaillé,cv detaille,DOC_TBD,low,fr,auto-pass-2026-03-21,auto-added from UNMAPPED frequency=13
Extrait d'acte de naissance moins d'un an,extrait d acte de naissance moins d un an,DOC_CIV_BIRTH,medium,fr,auto-pass-2026-03-21,auto-added from UNMAPPED frequency=13
Récépissé du versement de droit d'inscription au concours,recepisse du versement de droit d inscription au concours,DOC_PAY_RECEIPT,medium,fr,auto-pass-2026-03-21,auto-added from UNMAPPED frequency=13
Certificat de résidence moins de 3 mois,certificat de residence moins de 3 mois,DOC_RES_CERT,medium,fr,auto-pass-2026-03-21,auto-added from UNMAPPED frequency=13
Casier judiciaire (bulletin N°3) moins de trois mois pour le candidat non-fonctionnaire,casier judiciaire bulletin n 3 moins de trois mois pour le candidat non fonctionnaire,DOC_JUD_CRIMINAL_RECORD,medium,fr,auto-pass-2026-03-21,auto-added from UNMAPPED frequency=13
Deux enveloppes timbrées à 1600 ariary,deux enveloppes timbrees a 1600 ariary,DOC_TBD,low,fr,auto-pass-2026-03-21,auto-added from UNMAPPED frequency=13
Photocopie certifiée du diplôme,photocopie certifiee du diplome,DOC_TBD,low,fr,auto-pass-2026-03-21,auto-added from UNMAPPED frequency=13
Chemise de demande de travaux (TOPO),chemise de demande de travaux topo ,DOC_TBD,low,fr,auto-pass-2026-03-21,auto-added from UNMAPPED frequency=12
Duplicata du titre ou extrait matriciel,duplicata du titre ou extrait matriciel,DOC_TBD,low,fr,auto-pass-2026-03-21,auto-added from UNMAPPED frequency=12
Carnet fokontany,carnet fokontany,DOC_RES_CERT,medium,fr,auto-pass-2026-03-21,auto-added from UNMAPPED frequency=11
"Certificat de Situation Juridique de moins de 3 mois,",certificat de situation juridique de moins de 3 mois ,DOC_TBD,low,fr,auto-pass-2026-03-21,auto-added from UNMAPPED frequency=10
"Photocopie certifiée de la Carte d’Identité Nationale,",photocopie certifiee de la carte d identite nationale ,DOC_TBD,low,fr,auto-pass-2026-03-21,auto-added from UNMAPPED frequency=10
Fiche de demande à télécharger sur le site www.cnarp.mesupres.edu.mg ou à récupérer auprès du CNARP,fiche de demande a telecharger sur le site www cnarp mesupres edu mg ou a recuperer aupres du cnarp,DOC_TBD,low,fr,auto-pass-2026-03-21,auto-added from UNMAPPED frequency=10
"Demande de service adressée au Directeur Général de l'INSTN,",demande de service adressee au directeur general de l instn ,DOC_TBD,low,fr,auto-pass-2026-03-21,auto-added from UNMAPPED frequency=10
Néant,neant,DOC_TBD,low,fr,auto-pass-2026-03-21,auto-added from UNMAPPED frequency=10
"Demande mentionnant le motif de séjour adressée à Monsieur le Ministre de l'Intérieur et de la Décentralisation,",demande mentionnant le motif de sejour adressee a monsieur le ministre de l interieur et de la decentralisation ,DOC_TBD,low,fr,auto-pass-2026-03-21,auto-added from UNMAPPED frequency=9
"02 photographies d'identité récentes (non scannées),",02 photographies d identite recentes non scannees ,DOC_TBD,low,fr,auto-pass-2026-03-21,auto-added from UNMAPPED frequency=9
"Photocopie certifiée du passeport,",photocopie certifiee du passeport ,DOC_ID_CIN,medium,fr,auto-pass-2026-03-21,auto-added from UNMAPPED frequency=9
"Certificat d'hébergement et de prise en charge (signature légalisée à la Mairie) ou contrat de bail ou titre foncier,",certificat d hebergement et de prise en charge signature legalisee a la mairie ou contrat de bail ou titre foncier ,DOC_TBD,low,fr,auto-pass-2026-03-21,auto-added from UNMAPPED frequency=9
"Certificat de résidence original,",certificat de residence original ,DOC_RES_CERT,medium,fr,auto-pass-2026-03-21,auto-added from UNMAPPED frequency=9
certificat administratif,certificat administratif,DOC_TBD,low,fr,auto-pass-2026-03-21,auto-added from UNMAPPED frequency=9
"Acte de naissance,",acte de naissance ,DOC_CIV_BIRTH,medium,fr,auto-pass-2026-03-21,auto-added from UNMAPPED frequency=8
"Certificat d'inscription au registre de recensement des étrangers délivré par les districts ou les Préfectures pour la Première demande et renouvellement,",certificat d inscription au registre de recensement des etrangers delivre par les districts ou les prefectures pour la premiere demande et renouvellement ,DOC_TBD,low,fr,auto-pass-2026-03-21,auto-added from UNMAPPED frequency=8
"02 formulaires dûment remplis et signés par l'intéressé + 02 photocopies récentes agrafées,",02 formulaires dument remplis et signes par l interesse 02 photocopies recentes agrafees ,DOC_TBD,low,fr,auto-pass-2026-03-21,auto-added from UNMAPPED frequency=8
"Fiche 33 (enquête de moralité pour les premières demandes),",fiche 33 enquete de moralite pour les premieres demandes ,DOC_TBD,low,fr,auto-pass-2026-03-21,auto-added from UNMAPPED frequency=8
Equivalence du diplôme pour les Instituts privés,equivalence du diplome pour les instituts prives,DOC_TBD,low,fr,auto-pass-2026-03-21,auto-added from UNMAPPED frequency=8
Déclaration sur l'honneur de la non-jouissance de formation diplômante au cours de deux dernières années pour le fonctionnaire,declaration sur l honneur de la non jouissance de formation diplomante au cours de deux dernieres annees pour le fonctionnaire,DOC_TBD,low,fr,auto-pass-2026-03-21,auto-added from UNMAPPED frequency=8
"Lettre de demande avec avis favorable,",lettre de demande avec avis favorable ,DOC_TBD,low,fr,auto-pass-2026-03-21,auto-added from UNMAPPED frequency=8
Lettre d’engagement dûment légalisée,lettre d engagement dument legalisee,DOC_TBD,low,fr,auto-pass-2026-03-21,auto-added from UNMAPPED frequency=7
"Demande d’autorisation adressée à Mr Le DG de l’ANDEA,",demande d autorisation adressee a mr le dg de l andea ,DOC_TBD,low,fr,auto-pass-2026-03-21,auto-added from UNMAPPED frequency=7
"Formulaire synthétique de renseignement dûment rempli par le demandeur,",formulaire synthetique de renseignement dument rempli par le demandeur ,DOC_TBD,low,fr,auto-pass-2026-03-21,auto-added from UNMAPPED frequency=7
"Document d’étude d’impact environnemental,",document d etude d impact environnemental ,DOC_TBD,low,fr,auto-pass-2026-03-21,auto-added from UNMAPPED frequency=7
"Plan de Gestion Environnemental et Social du Projet,",plan de gestion environnemental et social du projet ,DOC_TBD,low,fr,auto-pass-2026-03-21,auto-added from UNMAPPED frequency=7
"Description technique complète des ouvrages avec les différentes phases d’exécution du projet,",description technique complete des ouvrages avec les differentes phases d execution du projet ,DOC_TBD,low,fr,auto-pass-2026-03-21,auto-added from UNMAPPED frequency=7
"Document d’évaluation des incidences comprenant une étude hydrogéologique et hydrologique du milieu, un état des autres utilisations de l’eau par les autres usagers dans le même bassin versant, les mesures prévues pour éviter, réduire ou compenser les impacts des activités sur les ressources en eau, ainsi que les moyens de suivi, d’évaluation, et de surveillance des ressources en eau,",document d evaluation des incidences comprenant une etude hydrogeologique et hydrologique du milieu un etat des autres utilisations de l eau par les autres usagers dans le meme bassin versant les mesures prevues pour eviter reduire ou compenser les impacts des activites sur les ressources en eau ainsi que les moyens de suivi d evaluation et de surveillance des ressources en eau ,DOC_TBD,low,fr,auto-pass-2026-03-21,auto-added from UNMAPPED frequency=7
"Plans, cartes, éléments graphiques permettant de renseigner le lieu du prélèvement et son environnement (plan de situation, extrait cadastral, coupes géologiques et hydrogéologiques, schéma détaillé des ouvrages, etc),",plans cartes elements graphiques permettant de renseigner le lieu du prelevement et son environnement plan de situation extrait cadastral coupes geologiques et hydrogeologiques schema detaille des ouvrages etc ,DOC_TBD,low,fr,auto-pass-2026-03-21,auto-added from UNMAPPED frequency=7
Toutes autres pièces nécessaires à la compréhension du dossier,toutes autres pieces necessaires a la comprehension du dossier,DOC_TBD,low,fr,auto-pass-2026-03-21,auto-added from UNMAPPED frequency=7
Aucun,aucun,DOC_TBD,low,fr,auto-pass-2026-03-21,auto-added from UNMAPPED frequency=7
Carte d'étudiant,carte d etudiant,DOC_TBD,low,fr,auto-pass-2026-03-21,auto-added from UNMAPPED frequency=7
"Demande de diplôme,",demande de diplome ,DOC_TBD,low,fr,auto-pass-2026-03-21,auto-added from UNMAPPED frequency=7
"Extrait de casier judiciaire moins de 6 mois délivré par le pays d'origine (pour la 1ère demande) et délivré par le Tribunal d'Antananarivo (pour le renouvellement),",extrait de casier judiciaire moins de 6 mois delivre par le pays d origine pour la 1ere demande et delivre par le tribunal d antananarivo pour le renouvellement ,DOC_JUD_CRIMINAL_RECORD,medium,fr,auto-pass-2026-03-21,auto-added from UNMAPPED frequency=7
"Demande adressée au Maire,",demande adressee au maire ,DOC_TBD,low,fr,auto-pass-2026-03-21,auto-added from UNMAPPED frequency=7
"Plan (01),",plan 01 ,DOC_TBD,low,fr,auto-pass-2026-03-21,auto-added from UNMAPPED frequency=7
"Dernière situation certifiée,",derniere situation certifiee ,DOC_TBD,low,fr,auto-pass-2026-03-21,auto-added from UNMAPPED frequency=7
"Attestation de non-interruption de service,",attestation de non interruption de service ,DOC_TBD,low,fr,auto-pass-2026-03-21,auto-added from UNMAPPED frequency=7
Demande d'acte de naturalisation provisoire pour amener le navire à Madagascar,demande d acte de naturalisation provisoire pour amener le navire a madagascar,DOC_TBD,low,fr,auto-pass-2026-03-21,auto-added from UNMAPPED frequency=7
Photos longitudinales des côtés bâbord et tribord du navire,photos longitudinales des cotes babord et tribord du navire,DOC_ID_PHOTO,medium,fr,auto-pass-2026-03-21,auto-added from UNMAPPED frequency=7
Demande de visite de navigabilité à adresser à l'Autorité Maritime du pavillon provisoire,demande de visite de navigabilite a adresser a l autorite maritime du pavillon provisoire,DOC_TBD,low,fr,auto-pass-2026-03-21,auto-added from UNMAPPED frequency=7
Certificat d'effectif minimum de sécurité ou proposition d'effectif d'équipage,certificat d effectif minimum de securite ou proposition d effectif d equipage,DOC_TBD,low,fr,auto-pass-2026-03-21,auto-added from UNMAPPED frequency=7
Certificat de jaugeage du navire (délivré par l'autorité maritime de Madagascar) avec ses feuilles de calculs,certificat de jaugeage du navire delivre par l autorite maritime de madagascar avec ses feuilles de calculs,DOC_TBD,low,fr,auto-pass-2026-03-21,auto-added from UNMAPPED frequency=7
CSJ moins de trois mois,csj moins de trois mois,DOC_TBD,low,fr,auto-pass-2026-03-21,auto-added from UNMAPPED frequency=6
"Acte de notoriété,",acte de notoriete ,DOC_TBD,low,fr,auto-pass-2026-03-21,auto-added from UNMAPPED frequency=6
"Copie du Permis environnemental et le cahier de charges y afférent si disponibles,",copie du permis environnemental et le cahier de charges y afferent si disponibles ,DOC_ID_CIN,medium,fr,auto-pass-2026-03-21,auto-added from UNMAPPED frequency=6
Originale de l'attestation de réussite s'il y en a eu,originale de l attestation de reussite s il y en a eu,DOC_TBD,low,fr,auto-pass-2026-03-21,auto-added from UNMAPPED frequency=6
"Photocopie certifiée du visa dont visa d'entrée transformable à Madagascar (pour la 1ère demande) et dernier visa et Carte de résident (pour le renouvellement),",photocopie certifiee du visa dont visa d entree transformable a madagascar pour la 1ere demande et dernier visa et carte de resident pour le renouvellement ,DOC_TBD,low,fr,auto-pass-2026-03-21,auto-added from UNMAPPED frequency=6
"Déclaration sur l'honneur,",declaration sur l honneur ,DOC_TBD,low,fr,auto-pass-2026-03-21,auto-added from UNMAPPED frequency=6
Original du dernier acte de naturalisation,original du dernier acte de naturalisation,DOC_TBD,low,fr,auto-pass-2026-03-21,auto-added from UNMAPPED frequency=6
Certificat de résidence actuelle,certificat de residence actuelle,DOC_RES_CERT,medium,fr,auto-pass-2026-03-21,auto-added from UNMAPPED frequency=6
Demande sur papier libre,demande sur papier libre,DOC_TBD,low,fr,auto-pass-2026-03-21,auto-added from UNMAPPED frequency=5
"Duplicata du titre foncier ou extrait cadastral,",duplicata du titre foncier ou extrait cadastral ,DOC_TBD,low,fr,auto-pass-2026-03-21,auto-added from UNMAPPED frequency=5
CSJ moins de 3 mois,csj moins de 3 mois,DOC_TBD,low,fr,auto-pass-2026-03-21,auto-added from UNMAPPED frequency=5
"Numéro du titre, ou numéro de la parcelle cadastrale, du folio, du registre et de la section",numero du titre ou numero de la parcelle cadastrale du folio du registre et de la section,DOC_TBD,low,fr,auto-pass-2026-03-21,auto-added from UNMAPPED frequency=5
Imprimé de demande (à retirer au Box),imprime de demande a retirer au box ,DOC_TBD,low,fr,auto-pass-2026-03-21,auto-added from UNMAPPED frequency=5
Lettre d’engagement dûment légalisée du demandeur,lettre d engagement dument legalisee du demandeur,DOC_TBD,low,fr,auto-pass-2026-03-21,auto-added from UNMAPPED frequency=5
Une (1) chemise ordinaire,une 1 chemise ordinaire,DOC_TBD,low,fr,auto-pass-2026-03-21,auto-added from UNMAPPED frequency=5
"Une demande formulée par le Directeur et consignée par le propriétaire et par la Direction Nationale pour les établissements confessionnels contenant: le type d’autorisation d’ouverture demandée ( nouvelle création, changement de direction, changement d’effectif, changement de localité, changement de dénomination ou extension de niveau) , le nom et l’adresse permanente et les moyens de contact rapide du propriétaire et du directeur de l’établissement, le numéro et la date et le lieu de délivrance de la carte d’identité nationale du directeur et du propriétaire de l’établissement pour les personnes physiques et les documents justifiant l’identité du représentant légal de l’entité et les pouvoirs qui lui sont dévolus au sein de ladite société pour les personnes morales, le lieu de l’implantation de l’établissement, le niveau et la dénomination de l’établissement, le nombre de classes et d’élèves prévus à l’ouverture, le nombre d’enseignants à embaucher au moins 6 enseignants titulaires pour les niveaux collège et lycée dont trois scientifiques et trois littéraires, le régime de l’établissement externat demi-pensionnat ou internat",une demande formulee par le directeur et consignee par le proprietaire et par la direction nationale pour les etablissements confessionnels contenant le type d autorisation d ouverture demandee nouvelle creation changement de direction changement d effectif changement de localite changement de denomination ou extension de niveau le nom et l adresse permanente et les moyens de contact rapide du proprietaire et du directeur de l etablissement le numero et la date et le lieu de delivrance de la carte d identite nationale du directeur et du proprietaire de l etablissement pour les personnes physiques et les documents justifiant l identite du representant legal de l entite et les pouvoirs qui lui sont devolus au sein de ladite societe pour les personnes morales le lieu de l implantation de l etablissement le niveau et la denomination de l etablissement le nombre de classes et d eleves prevus a l ouverture le nombre d enseignants a embaucher au moins 6 enseignants titulaires pour les niveaux college et lycee dont trois scientifiques et trois litteraires le regime de l etablissement externat demi pensionnat ou internat,DOC_TBD,low,fr,auto-pass-2026-03-21,auto-added from UNMAPPED frequency=5
Pour le directeur :,pour le directeur ,DOC_TBD,low,fr,auto-pass-2026-03-21,auto-added from UNMAPPED frequency=5
"Une photocopie certifiée conforme à l’original de l’acte portant autorisation d’enseigner,",une photocopie certifiee conforme a l original de l acte portant autorisation d enseigner ,DOC_TBD,low,fr,auto-pass-2026-03-21,auto-added from UNMAPPED frequency=5
"Un contrat de travail d’une durée d’au moins un an passé entre le propriétaire de l’établissement et le directeur nominal,",un contrat de travail d une duree d au moins un an passe entre le proprietaire de l etablissement et le directeur nominal ,DOC_TBD,low,fr,auto-pass-2026-03-21,auto-added from UNMAPPED frequency=5
Pour le propriétaire :,pour le proprietaire ,DOC_TBD,low,fr,auto-pass-2026-03-21,auto-added from UNMAPPED frequency=5
"Un certificat de résidence de moins de 6 mois au moment de dépôt de dossier,",un certificat de residence de moins de 6 mois au moment de depot de dossier ,DOC_RES_CERT,medium,fr,auto-pass-2026-03-21,auto-added from UNMAPPED frequency=5
"Un contrat de travail d’une durée d’au moins un an passé entre le propriétaire de l’établissement et le personnel enseignant et/ou administratif dûment légalisé auprès de l’autorité compétente,",un contrat de travail d une duree d au moins un an passe entre le proprietaire de l etablissement et le personnel enseignant et ou administratif dument legalise aupres de l autorite competente ,DOC_TBD,low,fr,auto-pass-2026-03-21,auto-added from UNMAPPED frequency=5
"Une photocopie certifiée conforme à l’original de l’autorisation d’enseigner des enseignants,",une photocopie certifiee conforme a l original de l autorisation d enseigner des enseignants ,DOC_TBD,low,fr,auto-pass-2026-03-21,auto-added from UNMAPPED frequency=5
"Photocopie certifiée conforme et valide de la carte NIF et Photocopie certifiée conforme de la carte STAT (01),",photocopie certifiee conforme et valide de la carte nif et photocopie certifiee conforme de la carte stat 01 ,DOC_TAX_NIF,medium,fr,auto-pass-2026-03-21,auto-added from UNMAPPED frequency=5
Demande manuscrite,demande manuscrite,DOC_REQ_APPLICATION_LETTER,medium,fr,auto-pass-2026-03-21,auto-added from UNMAPPED frequency=5
"Dernier arrêté d'avancement,",dernier arrete d avancement ,DOC_TBD,low,fr,auto-pass-2026-03-21,auto-added from UNMAPPED frequency=5
Document certifiant la résidence de l'acquéreur à Madagascar,document certifiant la residence de l acquereur a madagascar,DOC_RES_CERT,medium,fr,auto-pass-2026-03-21,auto-added from UNMAPPED frequency=5
Engagement de prendre en charge 3 agents de l'APMF pour l'inspection du navire au port de provenance avant de venir à Madagascar,engagement de prendre en charge 3 agents de l apmf pour l inspection du navire au port de provenance avant de venir a madagascar,DOC_TBD,low,fr,auto-pass-2026-03-21,auto-added from UNMAPPED frequency=5
Police d'assurance en cours de validité (navire et équipage),police d assurance en cours de validite navire et equipage ,DOC_TBD,low,fr,auto-pass-2026-03-21,auto-added from UNMAPPED frequency=5
Demande d'acte de naturalisation définitif,demande d acte de naturalisation definitif,DOC_TBD,low,fr,auto-pass-2026-03-21,auto-added from UNMAPPED frequency=5
"Déclaration en douane avec quittance de paiement, ou attestation d'exonération des droits et taxes",declaration en douane avec quittance de paiement ou attestation d exoneration des droits et taxes,DOC_PAY_RECEIPT,medium,fr,auto-pass-2026-03-21,auto-added from UNMAPPED frequency=5
Demande d'intégration dans le mailing list par email,demande d integration dans le mailing list par email,DOC_TBD,low,fr,auto-pass-2026-03-21,auto-added from UNMAPPED frequency=5
Enveloppe A4,enveloppe a4,DOC_TBD,low,fr,auto-pass-2026-03-21,auto-added from UNMAPPED frequency=4
1 Chemise de demande de travaux (Topo),1 chemise de demande de travaux topo ,DOC_TBD,low,fr,auto-pass-2026-03-21,auto-added from UNMAPPED frequency=4
Note de service,note de service,DOC_TBD,low,fr,auto-pass-2026-03-21,auto-added from UNMAPPED frequency=4
Certificat de non recours,certificat de non recours,DOC_TBD,low,fr,auto-pass-2026-03-21,auto-added from UNMAPPED frequency=4
"Réquisition dûment datée au jour du dépôt du dossier et signée par le demandeur,",requisition dument datee au jour du depot du dossier et signee par le demandeur ,DOC_TBD,low,fr,auto-pass-2026-03-21,auto-added from UNMAPPED frequency=4
"Acte de décès,",acte de deces ,DOC_TBD,low,fr,auto-pass-2026-03-21,auto-added from UNMAPPED frequency=4
"Lettre d’engagement signée par l’intéressé et dûment légalisée (Imprimé à retirer au box),",lettre d engagement signee par l interesse et dument legalisee imprime a retirer au box ,DOC_TBD,low,fr,auto-pass-2026-03-21,auto-added from UNMAPPED frequency=4
"Plan,",plan ,DOC_TBD,low,fr,auto-pass-2026-03-21,auto-added from UNMAPPED frequency=4
Diplôme / certificat original,diplome certificat original,DOC_TBD,low,fr,auto-pass-2026-03-21,auto-added from UNMAPPED frequency=4
"Une photocopie certifiée conforme à la carte de résident délivrée par le Ministère de l'Intérieur et de la Décentralisation pour les étrangers,",une photocopie certifiee conforme a la carte de resident delivree par le ministere de l interieur et de la decentralisation pour les etrangers ,DOC_TBD,low,fr,auto-pass-2026-03-21,auto-added from UNMAPPED frequency=4
"Un certificat de résidence de moins de 6 mois au moment du dépôt du dossier,",un certificat de residence de moins de 6 mois au moment du depot du dossier ,DOC_RES_CERT,medium,fr,auto-pass-2026-03-21,auto-added from UNMAPPED frequency=4
"Un extrait de casier judiciaire ou pour les étrangers une pièce officielle en tenant lieu délivré de moins de trois mois au moment du dépôt de dossier,",un extrait de casier judiciaire ou pour les etrangers une piece officielle en tenant lieu delivre de moins de trois mois au moment du depot de dossier ,DOC_JUD_CRIMINAL_RECORD,medium,fr,auto-pass-2026-03-21,auto-added from UNMAPPED frequency=4
"Une copie du contrat de bail d’une durée minimum de 5 ans passés entre le propriétaire de l’établissement et le propriétaire des locaux dans le cas où les locaux servant de salle de classe et dépendances appartiennent à un particulier ou à un organisme privé,",une copie du contrat de bail d une duree minimum de 5 ans passes entre le proprietaire de l etablissement et le proprietaire des locaux dans le cas ou les locaux servant de salle de classe et dependances appartiennent a un particulier ou a un organisme prive ,DOC_TBD,low,fr,auto-pass-2026-03-21,auto-added from UNMAPPED frequency=4
"Pour les infrastructures : un plan détaillé des locaux avec indication de toutes les dimensions de chaque salle de classe,",pour les infrastructures un plan detaille des locaux avec indication de toutes les dimensions de chaque salle de classe ,DOC_TBD,low,fr,auto-pass-2026-03-21,auto-added from UNMAPPED frequency=4
Un procès-verabal technique de constatation de l’infrastructure établie par la CISCO d’implantation,un proces verabal technique de constatation de l infrastructure etablie par la cisco d implantation,DOC_TBD,low,fr,auto-pass-2026-03-21,auto-added from UNMAPPED frequency=4
"Demande manuscrite selon le modèle affiché au DEXAMC,",demande manuscrite selon le modele affiche au dexamc ,DOC_REQ_APPLICATION_LETTER,medium,fr,auto-pass-2026-03-21,auto-added from UNMAPPED frequency=4
CV du demandeur,cv du demandeur,DOC_TBD,low,fr,auto-pass-2026-03-21,auto-added from UNMAPPED frequency=4
1 photo d'identité,1 photo d identite,DOC_ID_PHOTO,medium,fr,auto-pass-2026-03-21,auto-added from UNMAPPED frequency=4
Diplôme,diplome,DOC_TBD,low,fr,auto-pass-2026-03-21,auto-added from UNMAPPED frequency=4
Demande adressée au Directeur du CNRIT,demande adressee au directeur du cnrit,DOC_TBD,low,fr,auto-pass-2026-03-21,auto-added from UNMAPPED frequency=4
Signature du contrat de formation,signature du contrat de formation,DOC_TBD,low,fr,auto-pass-2026-03-21,auto-added from UNMAPPED frequency=4
Demande émanant des intéressés,demande emanant des interesses,DOC_TBD,low,fr,auto-pass-2026-03-21,auto-added from UNMAPPED frequency=4
"Demande adressée au DG s/c DS, CDRA incluant le Terme de Référence de la prestation demandée",demande adressee au dg s c ds cdra incluant le terme de reference de la prestation demandee,DOC_TBD,low,fr,auto-pass-2026-03-21,auto-added from UNMAPPED frequency=4
Document technique du produit,document technique du produit,DOC_TBD,low,fr,auto-pass-2026-03-21,auto-added from UNMAPPED frequency=4
"Ancienne carte grise,",ancienne carte grise ,DOC_TBD,low,fr,auto-pass-2026-03-21,auto-added from UNMAPPED frequency=4
"Un certificat d'immatriculation et de situation juridique moins de 3 mois,",un certificat d immatriculation et de situation juridique moins de 3 mois ,DOC_TBD,low,fr,auto-pass-2026-03-21,auto-added from UNMAPPED frequency=4
"Fiche d'identification de l'établissement à récupérer auprès de l'Accueil (01),",fiche d identification de l etablissement a recuperer aupres de l accueil 01 ,DOC_TBD,low,fr,auto-pass-2026-03-21,auto-added from UNMAPPED frequency=4
"Lettre d'engagement (02),",lettre d engagement 02 ,DOC_TBD,low,fr,auto-pass-2026-03-21,auto-added from UNMAPPED frequency=4
"Certificat d'existence de l'établissement (01),",certificat d existence de l etablissement 01 ,DOC_TBD,low,fr,auto-pass-2026-03-21,auto-added from UNMAPPED frequency=4
"Facture de paiement du frais d'immatriculation au niveau de la caisse de l’ACSQDA (01),",facture de paiement du frais d immatriculation au niveau de la caisse de l acsqda 01 ,DOC_PAY_RECEIPT,medium,fr,auto-pass-2026-03-21,auto-added from UNMAPPED frequency=4
"Facture de paiement des frais d'analyse au niveau de la caisse de l’ACSQDA (01),",facture de paiement des frais d analyse au niveau de la caisse de l acsqda 01 ,DOC_PAY_RECEIPT,medium,fr,auto-pass-2026-03-21,auto-added from UNMAPPED frequency=4
Demande adressée au Directeur Général de l'INSPC,demande adressee au directeur general de l inspc,DOC_TBD,low,fr,auto-pass-2026-03-21,auto-added from UNMAPPED frequency=4
Photocopie du diplôme avec présentation de l'Attestation originale,photocopie du diplome avec presentation de l attestation originale,DOC_TBD,low,fr,auto-pass-2026-03-21,auto-added from UNMAPPED frequency=4
"Avis de crédit,",avis de credit ,DOC_TBD,low,fr,auto-pass-2026-03-21,auto-added from UNMAPPED frequency=4
"Photocopie certifiée du diplôme,",photocopie certifiee du diplome ,DOC_TBD,low,fr,auto-pass-2026-03-21,auto-added from UNMAPPED frequency=4
Pièce d'identité de l'acquéreur,piece d identite de l acquereur,DOC_TBD,low,fr,auto-pass-2026-03-21,auto-added from UNMAPPED frequency=4
Déclaration sur l'activité du navire et la modalité d'exploitation envisagée,declaration sur l activite du navire et la modalite d exploitation envisagee,DOC_TBD,low,fr,auto-pass-2026-03-21,auto-added from UNMAPPED frequency=4
Certificat de non hypothèque du navire délivré par l'autorité de pavillon d'origine,certificat de non hypotheque du navire delivre par l autorite de pavillon d origine,DOC_TBD,low,fr,auto-pass-2026-03-21,auto-added from UNMAPPED frequency=4
"Accord de principe du Ministère chargé de la Pêche, pour les navires prévus pour des activités relatifs à la capture, la collecte et le transport des produits halieutiques",accord de principe du ministere charge de la peche pour les navires prevus pour des activites relatifs a la capture la collecte et le transport des produits halieutiques,DOC_TBD,low,fr,auto-pass-2026-03-21,auto-added from UNMAPPED frequency=4
Facture de paiement,facture de paiement,DOC_PAY_RECEIPT,medium,fr,auto-pass-2026-03-21,auto-added from UNMAPPED frequency=4
Original de la main levée donnée par le créancier,original de la main levee donnee par le creancier,DOC_TBD,low,fr,auto-pass-2026-03-21,auto-added from UNMAPPED frequency=4
Original de l'acte de naturalisation,original de l acte de naturalisation,DOC_TBD,low,fr,auto-pass-2026-03-21,auto-added from UNMAPPED frequency=4
Demande de mutation de propriété du navire adressée à M. le Directeur Général de l'APMF - Antananarivo,demande de mutation de propriete du navire adressee a m le directeur general de l apmf antananarivo,DOC_TBD,low,fr,auto-pass-2026-03-21,auto-added from UNMAPPED frequency=4
"Acte relatif à la vente ou la donation, enregistré au Bureau de la Direction Générale ou Régionale des Impôts (02 originaux)",acte relatif a la vente ou la donation enregistre au bureau de la direction generale ou regionale des impots 02 originaux ,DOC_TBD,low,fr,auto-pass-2026-03-21,auto-added from UNMAPPED frequency=4
"Déclaration du vendeur, légalisée, autorisant le transfert de propriété (s'il n'a pas été stipulé dans l'acte de vente initial)",declaration du vendeur legalisee autorisant le transfert de propriete s il n a pas ete stipule dans l acte de vente initial ,DOC_TBD,low,fr,auto-pass-2026-03-21,auto-added from UNMAPPED frequency=4
Originaux du certificat de jaugeage et des feuilles de calculs,originaux du certificat de jaugeage et des feuilles de calculs,DOC_TBD,low,fr,auto-pass-2026-03-21,auto-added from UNMAPPED frequency=4
Originaux des plans approuvés si le nom du navire a été / sera changé,originaux des plans approuves si le nom du navire a ete sera change,DOC_TBD,low,fr,auto-pass-2026-03-21,auto-added from UNMAPPED frequency=4
NON,non,DOC_TBD,low,fr,auto-pass-2026-03-21,auto-added from UNMAPPED frequency=4
"1 réquisition certifiée par le Conservateur,",1 requisition certifiee par le conservateur ,DOC_TBD,low,fr,auto-pass-2026-03-21,auto-added from UNMAPPED frequency=3
et toutes pièces jugées utiles (la prescription d’urbanisme…) visées par le Chef CIRDOMA,et toutes pieces jugees utiles la prescription d urbanisme visees par le chef cirdoma,DOC_TBD,low,fr,auto-pass-2026-03-21,auto-added from UNMAPPED frequency=3
NB : Les plans annexés au dossier doivent être officiels et certifiés par un Géomètre Expert,nb les plans annexes au dossier doivent etre officiels et certifies par un geometre expert,DOC_TBD,low,fr,auto-pass-2026-03-21,auto-added from UNMAPPED frequency=3
"1 réquisition certifiée par le Chef CIRDOMA,",1 requisition certifiee par le chef cirdoma ,DOC_TBD,low,fr,auto-pass-2026-03-21,auto-added from UNMAPPED frequency=3
1 Réquisition signée par un ayant droit (objet + engagement),1 requisition signee par un ayant droit objet engagement ,DOC_PAY_RECEIPT,medium,fr,auto-pass-2026-03-21,auto-added from UNMAPPED frequency=3
1 Reproduction officielle d’un plan de la propriété en cause de moins de trois mois (fourni par la circonscription),1 reproduction officielle d un plan de la propriete en cause de moins de trois mois fourni par la circonscription ,DOC_TBD,low,fr,auto-pass-2026-03-21,auto-added from UNMAPPED frequency=3
et toutes pièces jugées utiles,et toutes pieces jugees utiles,DOC_TBD,low,fr,auto-pass-2026-03-21,auto-added from UNMAPPED frequency=3
CSJ moins de 03 mois,csj moins de 03 mois,DOC_TBD,low,fr,auto-pass-2026-03-21,auto-added from UNMAPPED frequency=3
Lettre de demande (à retirer au Box),lettre de demande a retirer au box ,DOC_TBD,low,fr,auto-pass-2026-03-21,auto-added from UNMAPPED frequency=3
Actes officiels dûment enregistrés,actes officiels dument enregistres,DOC_TBD,low,fr,auto-pass-2026-03-21,auto-added from UNMAPPED frequency=3
"Procuration ou autres pièces justificatives selon le cas,",procuration ou autres pieces justificatives selon le cas ,DOC_AUTH_POWER_OF_ATTORNEY,medium,fr,auto-pass-2026-03-21,auto-added from UNMAPPED frequency=3
Lettre d’engagement du demandeur dûment légalisée,lettre d engagement du demandeur dument legalisee,DOC_TBD,low,fr,auto-pass-2026-03-21,auto-added from UNMAPPED frequency=3
CSJ moins de 3mois,csj moins de 3mois,DOC_TBD,low,fr,auto-pass-2026-03-21,auto-added from UNMAPPED frequency=3
MEAH/ANDEA/C/P1/F001,meah andea c p1 f001,DOC_TBD,low,fr,auto-pass-2026-03-21,auto-added from UNMAPPED frequency=3
Certificat de situation juridique,certificat de situation juridique,DOC_TBD,low,fr,auto-pass-2026-03-21,auto-added from UNMAPPED frequency=3
Facture d'achat,facture d achat,DOC_TBD,low,fr,auto-pass-2026-03-21,auto-added from UNMAPPED frequency=3
Photocopie,photocopie,DOC_TBD,low,fr,auto-pass-2026-03-21,auto-added from UNMAPPED frequency=3
"Un extrait de casier juridique ou pour les étrangers ayant la même valeur juridique pouvant la substituer pour les personnes de nationalité étrangère délivrée de moins de trois mois au moment de dépôt de dossier,",un extrait de casier juridique ou pour les etrangers ayant la meme valeur juridique pouvant la substituer pour les personnes de nationalite etrangere delivree de moins de trois mois au moment de depot de dossier ,DOC_TBD,low,fr,auto-pass-2026-03-21,auto-added from UNMAPPED frequency=3
Une déclaration de propriété dûment légalisée auprès de l’autorité compétente pour tout établissement non affilié à une des Directions Nationales Confessionnelles,une declaration de propriete dument legalisee aupres de l autorite competente pour tout etablissement non affilie a une des directions nationales confessionnelles,DOC_TBD,low,fr,auto-pass-2026-03-21,auto-added from UNMAPPED frequency=3
"Un plan d’ensemble des locaux et dépendances, un pv technique délivré par les services de la voirie sur la salubrité et la sureté du local,",un plan d ensemble des locaux et dependances un pv technique delivre par les services de la voirie sur la salubrite et la surete du local ,DOC_TBD,low,fr,auto-pass-2026-03-21,auto-added from UNMAPPED frequency=3
"Un plan de repérage par rapport à la voie publique, Un titre de propriété ou un certificat de situation juridique du terrain d’implantation du domaine scolaire,",un plan de reperage par rapport a la voie publique un titre de propriete ou un certificat de situation juridique du terrain d implantation du domaine scolaire ,DOC_TBD,low,fr,auto-pass-2026-03-21,auto-added from UNMAPPED frequency=3
Lettre de demande,lettre de demande,DOC_TBD,low,fr,auto-pass-2026-03-21,auto-added from UNMAPPED frequency=3
Certificat original et photocopie,certificat original et photocopie,DOC_TBD,low,fr,auto-pass-2026-03-21,auto-added from UNMAPPED frequency=3
"Bordereau de versement à la banque, carte d'apprenant ou accusé",bordereau de versement a la banque carte d apprenant ou accuse,DOC_PAY_RECEIPT,medium,fr,auto-pass-2026-03-21,auto-added from UNMAPPED frequency=3
Acte de naissance,acte de naissance,DOC_CIV_BIRTH,medium,fr,auto-pass-2026-03-21,auto-added from UNMAPPED frequency=3
"Demande adressée au Directeur du CNRIT, Matières premières",demande adressee au directeur du cnrit matieres premieres,DOC_TBD,low,fr,auto-pass-2026-03-21,auto-added from UNMAPPED frequency=3
"Copie d'acte de naissance,",copie d acte de naissance ,DOC_CIV_BIRTH,medium,fr,auto-pass-2026-03-21,auto-added from UNMAPPED frequency=3
"Demande adressée à Monsieur Le Ministre de l'Intérieur et de la Décentralisation,",demande adressee a monsieur le ministre de l interieur et de la decentralisation ,DOC_TBD,low,fr,auto-pass-2026-03-21,auto-added from UNMAPPED frequency=3
Copie de la décision ou de l'arrêté portant autorisation d'ouverture et d'exploitation,copie de la decision ou de l arrete portant autorisation d ouverture et d exploitation,DOC_TBD,low,fr,auto-pass-2026-03-21,auto-added from UNMAPPED frequency=3
Chemise dossier verte,chemise dossier verte,DOC_TBD,low,fr,auto-pass-2026-03-21,auto-added from UNMAPPED frequency=3
"Photocopie certifiée conforme à l'original d'une pièce d'identité,",photocopie certifiee conforme a l original d une piece d identite ,DOC_TBD,low,fr,auto-pass-2026-03-21,auto-added from UNMAPPED frequency=3
"Carte grise originale,",carte grise originale ,DOC_TBD,low,fr,auto-pass-2026-03-21,auto-added from UNMAPPED frequency=3
Certificat de résidence de l'acquéreur,certificat de residence de l acquereur,DOC_RES_CERT,medium,fr,auto-pass-2026-03-21,auto-added from UNMAPPED frequency=3
"Tout les documents relatifs au terrain s'il n'est pas inscrit au nom du propriétaire (copie de l'acte de notoriété, acte de vente, offre, autorisation, acte de partage,...)",tout les documents relatifs au terrain s il n est pas inscrit au nom du proprietaire copie de l acte de notoriete acte de vente offre autorisation acte de partage ,DOC_TBD,low,fr,auto-pass-2026-03-21,auto-added from UNMAPPED frequency=3
"Facture EXPORT(01),",facture export 01 ,DOC_TBD,low,fr,auto-pass-2026-03-21,auto-added from UNMAPPED frequency=3
"Demande adressée au Directeur de l'ACSQDA (01),",demande adressee au directeur de l acsqda 01 ,DOC_TBD,low,fr,auto-pass-2026-03-21,auto-added from UNMAPPED frequency=3
Certificat administratif pour le candidat fonctionnaire,certificat administratif pour le candidat fonctionnaire,DOC_TBD,low,fr,auto-pass-2026-03-21,auto-added from UNMAPPED frequency=3
Certificat administratif ou attestation de travail pour le candidat du secteur privé,certificat administratif ou attestation de travail pour le candidat du secteur prive,DOC_TBD,low,fr,auto-pass-2026-03-21,auto-added from UNMAPPED frequency=3
Lettre attestant le nombre des années de travail émanant des ordres professionnels pour le candidat en exercice libéral,lettre attestant le nombre des annees de travail emanant des ordres professionnels pour le candidat en exercice liberal,DOC_TBD,low,fr,auto-pass-2026-03-21,auto-added from UNMAPPED frequency=3
Lettre d'engagement sur l'honneur vis-à-vis de la régularisation de frais de scolarité,lettre d engagement sur l honneur vis a vis de la regularisation de frais de scolarite,DOC_PAY_RECEIPT,medium,fr,auto-pass-2026-03-21,auto-added from UNMAPPED frequency=3
Carnet individuel du participant ou Ordonnance de prescription,carnet individuel du participant ou ordonnance de prescription,DOC_TBD,low,fr,auto-pass-2026-03-21,auto-added from UNMAPPED frequency=3
Quittance de paiement,quittance de paiement,DOC_PAY_RECEIPT,medium,fr,auto-pass-2026-03-21,auto-added from UNMAPPED frequency=3
"Documents décrivant le projet de pêche à réaliser et permettant de le juger : investissements prévus, navires, engins de pêche, espèces cibles, base à terre, emplois créés, Compte d’exploitation prévisionnel …etc…",documents decrivant le projet de peche a realiser et permettant de le juger investissements prevus navires engins de peche especes cibles base a terre emplois crees compte d exploitation previsionnel etc ,DOC_TBD,low,fr,auto-pass-2026-03-21,auto-added from UNMAPPED frequency=3
Renseignements sur le demandeur :,renseignements sur le demandeur ,DOC_TBD,low,fr,auto-pass-2026-03-21,auto-added from UNMAPPED frequency=3
"Personne morale : identité, adresse, raison sociale, statut, certificat d’existence, CIF…",personne morale identite adresse raison sociale statut certificat d existence cif ,DOC_TBD,low,fr,auto-pass-2026-03-21,auto-added from UNMAPPED frequency=3
"Lettre de demande avec avis favorable au moins d'un directeur,",lettre de demande avec avis favorable au moins d un directeur ,DOC_TBD,low,fr,auto-pass-2026-03-21,auto-added from UNMAPPED frequency=3
Déclaration sur l'activité envisagée du navire,declaration sur l activite envisagee du navire,DOC_TBD,low,fr,auto-pass-2026-03-21,auto-added from UNMAPPED frequency=3
Pièce d'identité avec coordonnées à jour du constructeur,piece d identite avec coordonnees a jour du constructeur,DOC_TBD,low,fr,auto-pass-2026-03-21,auto-added from UNMAPPED frequency=3
Facture d'achat du navire,facture d achat du navire,DOC_TBD,low,fr,auto-pass-2026-03-21,auto-added from UNMAPPED frequency=3
Jeu de plans de construction,jeu de plans de construction,DOC_TBD,low,fr,auto-pass-2026-03-21,auto-added from UNMAPPED frequency=3
Dossier de stabilité,dossier de stabilite,DOC_TBD,low,fr,auto-pass-2026-03-21,auto-added from UNMAPPED frequency=3
"05 certificats de sécurité relatifs aux : franc bord, coque, machines, radio, équipements), ou certificats d'exemption",05 certificats de securite relatifs aux franc bord coque machines radio equipements ou certificats d exemption,DOC_TBD,low,fr,auto-pass-2026-03-21,auto-added from UNMAPPED frequency=3
"Demande de radiation de l'inscription hypothécaire maritime, adressée à M. le Directeur Général de l'APMF - Antananarivo",demande de radiation de l inscription hypothecaire maritime adressee a m le directeur general de l apmf antananarivo,DOC_TBD,low,fr,auto-pass-2026-03-21,auto-added from UNMAPPED frequency=3
Plan y afférent,plan y afferent,DOC_TBD,low,fr,auto-pass-2026-03-21,auto-added from UNMAPPED frequency=2
01 Certificat de situation juridique (CSJ) moins de 3 mois,01 certificat de situation juridique csj moins de 3 mois,DOC_TBD,low,fr,auto-pass-2026-03-21,auto-added from UNMAPPED frequency=2
Plans y afférents,plans y afferents,DOC_TBD,low,fr,auto-pass-2026-03-21,auto-added from UNMAPPED frequency=2
1 Certificat de situation juridique moins de 3 mois,1 certificat de situation juridique moins de 3 mois,DOC_TBD,low,fr,auto-pass-2026-03-21,auto-added from UNMAPPED frequency=2
1 plan officiel avec mention de dépôt au niveau de la CIRDOMA,1 plan officiel avec mention de depot au niveau de la cirdoma,DOC_TBD,low,fr,auto-pass-2026-03-21,auto-added from UNMAPPED frequency=2
1 plan officiel visé par le Chef CIRDOMA,1 plan officiel vise par le chef cirdoma,DOC_TBD,low,fr,auto-pass-2026-03-21,auto-added from UNMAPPED frequency=2
et toutes autres pièces jugées utiles (la prescription d’urbanisme…) visées par le Chef CIRDOMA et énumérées sur la chemise dossier,et toutes autres pieces jugees utiles la prescription d urbanisme visees par le chef cirdoma et enumerees sur la chemise dossier,DOC_TBD,low,fr,auto-pass-2026-03-21,auto-added from UNMAPPED frequency=2
1 CSJ moins de 3 mois,1 csj moins de 3 mois,DOC_TBD,low,fr,auto-pass-2026-03-21,auto-added from UNMAPPED frequency=2
2 demandes signées par le demandeur,2 demandes signees par le demandeur,DOC_TBD,low,fr,auto-pass-2026-03-21,auto-added from UNMAPPED frequency=2
2 plans réguliers officiels selon le cas,2 plans reguliers officiels selon le cas,DOC_TBD,low,fr,auto-pass-2026-03-21,auto-added from UNMAPPED frequency=2
2 plans officiels du titre concerné (fournis par le service),2 plans officiels du titre concerne fournis par le service ,DOC_TBD,low,fr,auto-pass-2026-03-21,auto-added from UNMAPPED frequency=2
1 certificat de situation juridique du titre concerné (moins de 3 mois),1 certificat de situation juridique du titre concerne moins de 3 mois ,DOC_TBD,low,fr,auto-pass-2026-03-21,auto-added from UNMAPPED frequency=2
Note de vérification ou décision judiciaire et toutes pièces jugées utiles,note de verification ou decision judiciaire et toutes pieces jugees utiles,DOC_TBD,low,fr,auto-pass-2026-03-21,auto-added from UNMAPPED frequency=2
"Deux (2) plans réguliers,",deux 2 plans reguliers ,DOC_TBD,low,fr,auto-pass-2026-03-21,auto-added from UNMAPPED frequency=2
02 Plans,02 plans,DOC_TBD,low,fr,auto-pass-2026-03-21,auto-added from UNMAPPED frequency=2
Récépissé de convocation,recepisse de convocation,DOC_TBD,low,fr,auto-pass-2026-03-21,auto-added from UNMAPPED frequency=2
Toutes les pièces de la procédure,toutes les pieces de la procedure,DOC_TBD,low,fr,auto-pass-2026-03-21,auto-added from UNMAPPED frequency=2
"Statut,",statut ,DOC_TBD,low,fr,auto-pass-2026-03-21,auto-added from UNMAPPED frequency=2
Photocopie certifiée de la Carte d’Identité Nationale,photocopie certifiee de la carte d identite nationale,DOC_TBD,low,fr,auto-pass-2026-03-21,auto-added from UNMAPPED frequency=2
"Grosse de jugement ou arrêt,",grosse de jugement ou arret ,DOC_TBD,low,fr,auto-pass-2026-03-21,auto-added from UNMAPPED frequency=2
"Réquisition de mutation dûment datée au jour du dépôt du dossier et signée par le demandeur,",requisition de mutation dument datee au jour du depot du dossier et signee par le demandeur ,DOC_TBD,low,fr,auto-pass-2026-03-21,auto-added from UNMAPPED frequency=2
"Deux (2) Plans (si Sous Seing Privé: dûment légalisés ) enregistrés,",deux 2 plans si sous seing prive dument legalises enregistres ,DOC_TBD,low,fr,auto-pass-2026-03-21,auto-added from UNMAPPED frequency=2
"Réquisition,",requisition ,DOC_TBD,low,fr,auto-pass-2026-03-21,auto-added from UNMAPPED frequency=2
Plans annexés dûment signés par les parties et enregistrés,plans annexes dument signes par les parties et enregistres,DOC_TBD,low,fr,auto-pass-2026-03-21,auto-added from UNMAPPED frequency=2
Lettres d’engagements des parties dûment légalisées,lettres d engagements des parties dument legalisees,DOC_TBD,low,fr,auto-pass-2026-03-21,auto-added from UNMAPPED frequency=2
Autorisation de transaction/ autorisation de morcellement pour les dossiers objets de morcellement,autorisation de transaction autorisation de morcellement pour les dossiers objets de morcellement,DOC_TBD,low,fr,auto-pass-2026-03-21,auto-added from UNMAPPED frequency=2
Grosse de la décision judiciaire ordonnant la mainlevée de charge (en cas des charges ordonnées par le Tribunal) et certificat de non recours ou acte de radiation des charges entre les deux parties contractantes (en cas de convention amiable),grosse de la decision judiciaire ordonnant la mainlevee de charge en cas des charges ordonnees par le tribunal et certificat de non recours ou acte de radiation des charges entre les deux parties contractantes en cas de convention amiable ,DOC_TBD,low,fr,auto-pass-2026-03-21,auto-added from UNMAPPED frequency=2
Deux (2) chemises ordinaires,deux 2 chemises ordinaires,DOC_TBD,low,fr,auto-pass-2026-03-21,auto-added from UNMAPPED frequency=2
Grosse de la décision judiciaire,grosse de la decision judiciaire,DOC_TBD,low,fr,auto-pass-2026-03-21,auto-added from UNMAPPED frequency=2
"01 Certificat d'immatriculation et de situation juridique,",01 certificat d immatriculation et de situation juridique ,DOC_TBD,low,fr,auto-pass-2026-03-21,auto-added from UNMAPPED frequency=2
"01 Plan officiel du terrain avec coordonnées Laborde,",01 plan officiel du terrain avec coordonnees laborde ,DOC_TBD,low,fr,auto-pass-2026-03-21,auto-added from UNMAPPED frequency=2
Imprimé de réquisition,imprime de requisition,DOC_TBD,low,fr,auto-pass-2026-03-21,auto-added from UNMAPPED frequency=2
lettre d'engagement,lettre d engagement,DOC_TBD,low,fr,auto-pass-2026-03-21,auto-added from UNMAPPED frequency=2
MEAH/ANDEA/C/P4/F001,meah andea c p4 f001,DOC_TBD,low,fr,auto-pass-2026-03-21,auto-added from UNMAPPED frequency=2
MEAH/ANDEA/C/P6/F001,meah andea c p6 f001,DOC_TBD,low,fr,auto-pass-2026-03-21,auto-added from UNMAPPED frequency=2
Demande d'autorisation d'importation,demande d autorisation d importation,DOC_TBD,low,fr,auto-pass-2026-03-21,auto-added from UNMAPPED frequency=2
Carte statistique et numéro d'identification fiscale,carte statistique et numero d identification fiscale,DOC_TBD,low,fr,auto-pass-2026-03-21,auto-added from UNMAPPED frequency=2
Document de notification complété,document de notification complete,DOC_TBD,low,fr,auto-pass-2026-03-21,auto-added from UNMAPPED frequency=2
Document de mouvement complété,document de mouvement complete,DOC_TBD,low,fr,auto-pass-2026-03-21,auto-added from UNMAPPED frequency=2
Copie Carte grise,copie carte grise,DOC_TBD,low,fr,auto-pass-2026-03-21,auto-added from UNMAPPED frequency=2
Copie permis de conduire(chauffeur),copie permis de conduire chauffeur ,DOC_ID_CIN,medium,fr,auto-pass-2026-03-21,auto-added from UNMAPPED frequency=2
Convention de collecte ou autorisation de coupe ou permis d'exploiter,convention de collecte ou autorisation de coupe ou permis d exploiter,DOC_ID_CIN,medium,fr,auto-pass-2026-03-21,auto-added from UNMAPPED frequency=2
Permis/Autorisation Environnemental,permis autorisation environnemental,DOC_ID_CIN,medium,fr,auto-pass-2026-03-21,auto-added from UNMAPPED frequency=2
PHASE DE CONTRACTUALISATION (si attribué),phase de contractualisation si attribue ,DOC_TBD,low,fr,auto-pass-2026-03-21,auto-added from UNMAPPED frequency=2
Pièces à fournir cas de Déclaration: Formulaire de Déclaration,pieces a fournir cas de declaration formulaire de declaration,DOC_TBD,low,fr,auto-pass-2026-03-21,auto-added from UNMAPPED frequency=2
"Demande validée auprès du CISCO et DREN,",demande validee aupres du cisco et dren ,DOC_TBD,low,fr,auto-pass-2026-03-21,auto-added from UNMAPPED frequency=2
"Deux photos d’identité,",deux photos d identite ,DOC_ID_PHOTO,medium,fr,auto-pass-2026-03-21,auto-added from UNMAPPED frequency=2
2 photos d’identité,2 photos d identite,DOC_ID_PHOTO,medium,fr,auto-pass-2026-03-21,auto-added from UNMAPPED frequency=2
"Une demande sur papier libre dûment signée par le Directeur et avec avis favorable de la direction d’affiliation pour l’école privée confessionnelle ou du propriétaire pour l’école non confessionnelle,",une demande sur papier libre dument signee par le directeur et avec avis favorable de la direction d affiliation pour l ecole privee confessionnelle ou du proprietaire pour l ecole non confessionnelle ,DOC_TBD,low,fr,auto-pass-2026-03-21,auto-added from UNMAPPED frequency=2
"Une lettre de nomination du directeur délivrée par la Direction Nationale pour l’établissement affilié à une des Direction Nationale Confessionnelles, Les moyens de contact rapide et permanent",une lettre de nomination du directeur delivree par la direction nationale pour l etablissement affilie a une des direction nationale confessionnelles les moyens de contact rapide et permanent,DOC_TBD,low,fr,auto-pass-2026-03-21,auto-added from UNMAPPED frequency=2
"Une déclaration de propriété dûment légalisée auprès de l’autorité compétente pour tout établissement non affilié à une des Directions Nationales Confessionnelles,",une declaration de propriete dument legalisee aupres de l autorite competente pour tout etablissement non affilie a une des directions nationales confessionnelles ,DOC_TBD,low,fr,auto-pass-2026-03-21,auto-added from UNMAPPED frequency=2
"Une lettre de nomination du directeur délivrée par la Direction Nationale pour l’établissement affilié à une des Direction Nationale Confessionnelles,",une lettre de nomination du directeur delivree par la direction nationale pour l etablissement affilie a une des direction nationale confessionnelles ,DOC_TBD,low,fr,auto-pass-2026-03-21,auto-added from UNMAPPED frequency=2
Les moyens de contact rapide et permanent,les moyens de contact rapide et permanent,DOC_TBD,low,fr,auto-pass-2026-03-21,auto-added from UNMAPPED frequency=2
"Un extrait de casier juridique ou pour les étrangers ayant la même valeur juridique pouvant la substituer pour les personnes de nationalité étrangère délivrées de moins de trois mois au moment de dépôt de dossier,",un extrait de casier juridique ou pour les etrangers ayant la meme valeur juridique pouvant la substituer pour les personnes de nationalite etrangere delivrees de moins de trois mois au moment de depot de dossier ,DOC_TBD,low,fr,auto-pass-2026-03-21,auto-added from UNMAPPED frequency=2
"Un plan d’ensemble des locaux et dépendances,",un plan d ensemble des locaux et dependances ,DOC_TBD,low,fr,auto-pass-2026-03-21,auto-added from UNMAPPED frequency=2
"Un pv technique délivré par les services de la voirie sur la salubrité et la sureté du local,",un pv technique delivre par les services de la voirie sur la salubrite et la surete du local ,DOC_TBD,low,fr,auto-pass-2026-03-21,auto-added from UNMAPPED frequency=2
"Un plan de repérage par rapport à la voie publique,",un plan de reperage par rapport a la voie publique ,DOC_TBD,low,fr,auto-pass-2026-03-21,auto-added from UNMAPPED frequency=2
"Un titre de propriété ou un certificat de situation juridique du terrain d’implantation du domaine scolaire,",un titre de propriete ou un certificat de situation juridique du terrain d implantation du domaine scolaire ,DOC_TBD,low,fr,auto-pass-2026-03-21,auto-added from UNMAPPED frequency=2
"Acte de naissance original ou bulletin de naissance,",acte de naissance original ou bulletin de naissance ,DOC_CIV_BIRTH,medium,fr,auto-pass-2026-03-21,auto-added from UNMAPPED frequency=2
Diplôme certifié,diplome certifie,DOC_TBD,low,fr,auto-pass-2026-03-21,auto-added from UNMAPPED frequency=2
Enveloppe A3,enveloppe a3,DOC_SUP_ENVELOPE_A3,high,fr,manual-add-2026-03-21,classification fournitures de dépôt
Grande enveloppe,grande enveloppe,DOC_SUP_ENVELOPE_A3,medium,fr,manual-add-2026-03-21,classification fournitures de dépôt
Timbre,timbre,DOC_SUP_STAMP,medium,fr,manual-add-2026-03-21,classification fournitures de dépôt
Timbre fiscal,timbre fiscal,DOC_SUP_STAMP,high,fr,manual-add-2026-03-21,classification fournitures de dépôt
Chemise,chemise,DOC_SUP_FOLDING_FILE,medium,fr,manual-add-2026-03-21,classification fournitures de dépôt
Chemise cartonnée,chemise cartonnee,DOC_SUP_FOLDING_FILE,high,fr,manual-add-2026-03-21,classification fournitures de dépôt
Chemise dossier,chemise dossier,DOC_SUP_FOLDING_FILE,high,fr,manual-add-2026-03-21,classification fournitures de dépôt
Bulletin n°3,bulletin n 3,DOC_JUD_CRIMINAL_RECORD,high,fr,manual-add-2026-03-21,mapping confirmé utilisateur
Bulletin n3,bulletin n3,DOC_JUD_CRIMINAL_RECORD,high,fr,manual-add-2026-03-21,mapping confirmé utilisateur
Bulletin numéro 3,bulletin numero 3,DOC_JUD_CRIMINAL_RECORD,high,fr,manual-add-2026-03-21,mapping confirmé utilisateur
Extrait de casier judiciaire (Bulletin n°3),extrait de casier judiciaire bulletin n 3,DOC_JUD_CRIMINAL_RECORD,high,fr,manual-add-2026-03-21,mapping confirmé utilisateur
Copie d'acte de naissance,copie acte de naissance,DOC_CIV_BIRTH,high,fr,manual-add-2026-03-21,mapping confirmé utilisateur
Copie acte de naissance,copie acte naissance,DOC_CIV_BIRTH,high,fr,manual-add-2026-03-21,mapping confirmé utilisateur
Copie extrait de naissance,copie extrait naissance,DOC_CIV_BIRTH,high,fr,manual-add-2026-03-21,mapping confirmé utilisateur
Extrait d'acte de naissance (copie),extrait acte de naissance copie,DOC_CIV_BIRTH,high,fr,manual-add-2026-03-21,mapping confirmé utilisateur
Photo d'identité,photo d identite,DOC_ID_PHOTO,high,fr,manual-add-2026-03-21,mapping confirmé utilisateur
Photo identité,photo identite,DOC_ID_PHOTO,high,fr,manual-add-2026-03-21,mapping confirmé utilisateur
Photos d'identité,photos d identite,DOC_ID_PHOTO,high,fr,manual-add-2026-03-21,mapping confirmé utilisateur
Photo récente,photo recente,DOC_ID_PHOTO,high,fr,manual-add-2026-03-21,mapping confirmé utilisateur
Photos récentes,photos recentes,DOC_ID_PHOTO,high,fr,manual-add-2026-03-21,mapping confirmé utilisateur
Photo récente du demandeur,photo recente du demandeur,DOC_ID_PHOTO,high,fr,manual-add-2026-03-21,mapping confirmé utilisateur
Photo couleur récente,photo couleur recente,DOC_ID_PHOTO,high,fr,manual-add-2026-03-21,mapping confirmé utilisateur
Lettre de demande,lettre de demande,DOC_REQ_APPLICATION_LETTER,high,fr,manual-add-2026-03-21,mapping confirmé utilisateur
Demande écrite,demande ecrite,DOC_REQ_APPLICATION_LETTER,high,fr,manual-add-2026-03-21,mapping confirmé utilisateur
Formulaire de demande,formulaire de demande,DOC_REQ_APPLICATION_FORM,high,fr,manual-add-2026-03-21,mapping confirmé utilisateur
Formulaire de demande rempli,formulaire de demande rempli,DOC_REQ_APPLICATION_FORM,high,fr,manual-add-2026-03-21,mapping confirmé utilisateur
Fiche de demande,fiche de demande,DOC_REQ_APPLICATION_FORM,high,fr,manual-add-2026-03-21,mapping confirmé utilisateur
Droit,droit,DOC_PAY_RECEIPT,medium,fr,auto-family-pass-2026-03-21,batch enrichment from frequent UNMAPPED
Bordereau de versement,bordereau de versement,DOC_PAY_BANK_SLIP,high,fr,auto-family-pass-2026-03-21,batch enrichment from frequent UNMAPPED
Bordereau de versement de banque,bordereau de versement de banque,DOC_PAY_BANK_SLIP,high,fr,auto-family-pass-2026-03-21,batch enrichment from frequent UNMAPPED
Bodereau de versement de banque,bodereau de versement de banque,DOC_PAY_BANK_SLIP,high,fr,auto-family-pass-2026-03-21,batch enrichment from frequent UNMAPPED
Facture,facture,DOC_PAY_INVOICE,high,fr,auto-family-pass-2026-03-21,batch enrichment from frequent UNMAPPED
Achat direct avec facture,achat direct avec facture,DOC_PAY_INVOICE,high,fr,auto-family-pass-2026-03-21,batch enrichment from frequent UNMAPPED
Passeport,passeport,DOC_ID_PASSPORT,high,fr,auto-family-pass-2026-03-21,batch enrichment from frequent UNMAPPED
Carte grise,carte grise,DOC_VEH_REG_CARD,high,fr,auto-family-pass-2026-03-21,batch enrichment from frequent UNMAPPED
Photo,photo,DOC_ID_PHOTO,medium,fr,auto-family-pass-2026-03-21,batch enrichment from frequent UNMAPPED
Relevé des notes,releve des notes,DOC_EDU_TRANSCRIPT,high,fr,auto-family-pass-2026-03-21,batch enrichment from frequent UNMAPPED
Note trois dernieres années,note trois dernieres annees,DOC_EDU_TRANSCRIPT,medium,fr,auto-family-pass-2026-03-21,batch enrichment from frequent UNMAPPED
ATTESTATION DE REUSSITE,attestation de reussite,DOC_EDU_CERT_SUCCESS,high,fr,auto-family-pass-2026-03-21,batch enrichment from frequent UNMAPPED
Mémoire de recherche,memoire de recherche,DOC_EDU_RESEARCH_MEMOIR,high,fr,auto-family-pass-2026-03-21,batch enrichment from frequent UNMAPPED
Relevé de notes admis en travaux de recherche,releve de notes admis en travaux de recherche,DOC_EDU_TRANSCRIPT,medium,fr,auto-family-pass-2026-03-21,batch enrichment from frequent UNMAPPED
Fiche médicale 5758,fiche medicale 5758,DOC_HEALTH_MED_FORM,high,fr,auto-family-pass-2026-03-21,batch enrichment from frequent UNMAPPED
Bulletin d'analyse H.E,bulletin d analyse h e,DOC_TECH_ANALYSIS_REPORT,medium,fr,auto-family-pass-2026-03-21,batch enrichment from frequent UNMAPPED
Attestation de mise en culture HE,attestation de mise en culture he,DOC_TECH_ANALYSIS_REPORT,low,fr,auto-family-pass-2026-03-21,batch enrichment from frequent UNMAPPED
Demande de lettre d'introduction,demande de lettre d introduction,DOC_AUTH_INTRO_LETTER,high,fr,auto-family-pass-2026-03-21,batch enrichment from frequent UNMAPPED
Lettre d'introduction,lettre d introduction,DOC_AUTH_INTRO_LETTER,high,fr,auto-family-pass-2026-03-21,batch enrichment from frequent UNMAPPED
Demande adressée au SG/DSSIP par le demandeur,demande adressee au sg dssip par le demandeur,DOC_REQ_APPLICATION_LETTER,medium,fr,auto-family-pass-2026-03-21,batch enrichment from frequent UNMAPPED
Demande provenant de la Directeur des Ressources Humaines de l'interessé,demande provenant de la directeur des ressources humaines de l interesse,DOC_REQ_APPLICATION_LETTER,medium,fr,auto-family-pass-2026-03-21,batch enrichment from frequent UNMAPPED
Fiche à remplir,fiche a remplir,DOC_REQ_APPLICATION_FORM,medium,fr,auto-top100-pass-2026-03-21,auto from top unmapped freq=2
Accusé de reception de dépôt mémoire finale,accuse de reception de depot memoire finale,DOC_EDU_RESEARCH_MEMOIR,medium,fr,auto-top100-pass-2026-03-21,auto from top unmapped freq=2
Formulaire de dépôt de thème,formulaire de depot de theme,DOC_REQ_APPLICATION_FORM,medium,fr,auto-top100-pass-2026-03-21,auto from top unmapped freq=2
"Lettre adressée au Directeur du CNRIT, Informations relatives à L'échantillon à analyser",lettre adressee au directeur du cnrit informations relatives a l echantillon a analyser,DOC_REQ_APPLICATION_LETTER,medium,fr,auto-top100-pass-2026-03-21,auto from top unmapped freq=2
Lettre adressée au Directeur du CNRIT,lettre adressee au directeur du cnrit,DOC_REQ_APPLICATION_LETTER,medium,fr,auto-top100-pass-2026-03-21,auto from top unmapped freq=2
"CV et lettre de motivation,",cv et lettre de motivation ,DOC_REQ_APPLICATION_LETTER,medium,fr,auto-top100-pass-2026-03-21,auto from top unmapped freq=2
"Demande de formation ou Termes de référence,",demande de formation ou termes de reference ,DOC_REQ_APPLICATION_LETTER,medium,fr,auto-top100-pass-2026-03-21,auto from top unmapped freq=2
Demande de formation ou Termes de référence,demande de formation ou termes de reference,DOC_REQ_APPLICATION_LETTER,medium,fr,auto-top100-pass-2026-03-21,auto from top unmapped freq=2
"Demande adressée au CDRA incluant le stage souhaité ou proposition de thèse,",demande adressee au cdra incluant le stage souhaite ou proposition de these ,DOC_REQ_APPLICATION_LETTER,medium,fr,auto-top100-pass-2026-03-21,auto from top unmapped freq=2
"Projet de thèse ou de recherche,",projet de these ou de recherche ,DOC_EDU_RESEARCH_MEMOIR,medium,fr,auto-top100-pass-2026-03-21,auto from top unmapped freq=2
"Formulaire d'enquête épidémiologique,",formulaire d enquete epidemiologique ,DOC_REQ_APPLICATION_FORM,medium,fr,auto-top100-pass-2026-03-21,auto from top unmapped freq=2
Formulaire descriptif des échantillons,formulaire descriptif des echantillons,DOC_REQ_APPLICATION_FORM,medium,fr,auto-top100-pass-2026-03-21,auto from top unmapped freq=2
Demande adressée au DG s/c DS en copie à la structure de mise en œuvre concernée (Département de Recherches Agronomiques),demande adressee au dg s c ds en copie a la structure de mise en uvre concernee departement de recherches agronomiques ,DOC_REQ_APPLICATION_LETTER,medium,fr,auto-top100-pass-2026-03-21,auto from top unmapped freq=2
"Demande adressée au DG s/c DS en copie à la structure de mise en œuvre concernée (Département de Recherches Agronomiques), Déclaration de culture auprès du SOC,",demande adressee au dg s c ds en copie a la structure de mise en uvre concernee departement de recherches agronomiques declaration de culture aupres du soc ,DOC_REQ_APPLICATION_LETTER,medium,fr,auto-top100-pass-2026-03-21,auto from top unmapped freq=2
"Fiche descriptive des caractères de la variété à homologuer,",fiche descriptive des caracteres de la variete a homologuer ,DOC_REQ_APPLICATION_FORM,medium,fr,auto-top100-pass-2026-03-21,auto from top unmapped freq=2
Fiche de culture,fiche de culture,DOC_REQ_APPLICATION_FORM,medium,fr,auto-top100-pass-2026-03-21,auto from top unmapped freq=2
"Demande adressée au DG s/c DS, copie à la structure de mise en œuvre (DRA),",demande adressee au dg s c ds copie a la structure de mise en uvre dra ,DOC_REQ_APPLICATION_LETTER,medium,fr,auto-top100-pass-2026-03-21,auto from top unmapped freq=2
"Fiche produit,",fiche produit ,DOC_REQ_APPLICATION_FORM,medium,fr,auto-top100-pass-2026-03-21,auto from top unmapped freq=2
Fiche technique relative à la source à importer/exporter,fiche technique relative a la source a importer exporter,DOC_REQ_APPLICATION_FORM,medium,fr,auto-top100-pass-2026-03-21,auto from top unmapped freq=2
Fiche technique relative à la source radioactive ou l'appareil émetteur de rayonnement ionisant,fiche technique relative a la source radioactive ou l appareil emetteur de rayonnement ionisant,DOC_REQ_APPLICATION_FORM,medium,fr,auto-top100-pass-2026-03-21,auto from top unmapped freq=2
Fiche d'abonnement,fiche d abonnement,DOC_REQ_APPLICATION_FORM,medium,fr,auto-top100-pass-2026-03-21,auto from top unmapped freq=2
Demande adressée au Directeur Général de l'INSTN comportant le nombre de personnes à former,demande adressee au directeur general de l instn comportant le nombre de personnes a former,DOC_REQ_APPLICATION_LETTER,medium,fr,auto-top100-pass-2026-03-21,auto from top unmapped freq=2
BSC (Bordereau de Suivi de Cargaison),bsc bordereau de suivi de cargaison ,DOC_PAY_BANK_SLIP,medium,fr,auto-top100-pass-2026-03-21,auto from top unmapped freq=2
"Demande d'attestation de radioactivité du transitaire, de la compagnie de transport aérien/maritime, des clients,",demande d attestation de radioactivite du transitaire de la compagnie de transport aerien maritime des clients ,DOC_REQ_APPLICATION_LETTER,medium,fr,auto-top100-pass-2026-03-21,auto from top unmapped freq=2
Demande adressée au Directeur Général de l’INSTN avec précision du modèle,demande adressee au directeur general de l instn avec precision du modele,DOC_REQ_APPLICATION_LETTER,medium,fr,auto-top100-pass-2026-03-21,auto from top unmapped freq=2
"Demande d'inscription (en ligne),",demande d inscription en ligne ,DOC_REQ_APPLICATION_LETTER,medium,fr,auto-top100-pass-2026-03-21,auto from top unmapped freq=2
"Demande de stage adressée au DG de l'INSTN,",demande de stage adressee au dg de l instn ,DOC_REQ_APPLICATION_LETTER,medium,fr,auto-top100-pass-2026-03-21,auto from top unmapped freq=2
"Demande manustrite ou mail adressée au Département ""Réseaux et système d'information"" du CIDST (précisant les thématiques de formation souhaitées),",demande manustrite ou mail adressee au departement reseaux et systeme d information du cidst precisant les thematiques de formation souhaitees ,DOC_REQ_APPLICATION_LETTER,medium,fr,auto-top100-pass-2026-03-21,auto from top unmapped freq=2
Formulaire rempli en ligne adressé au Département diffusion de l'information,formulaire rempli en ligne adresse au departement diffusion de l information,DOC_REQ_APPLICATION_FORM,medium,fr,auto-top100-pass-2026-03-21,auto from top unmapped freq=2
"Lettre adressée à la Direction CNRO Nosy Be,",lettre adressee a la direction cnro nosy be ,DOC_REQ_APPLICATION_LETTER,medium,fr,auto-top100-pass-2026-03-21,auto from top unmapped freq=2
Lettre adressée à la Direction CNRO,lettre adressee a la direction cnro,DOC_REQ_APPLICATION_LETTER,medium,fr,auto-top100-pass-2026-03-21,auto from top unmapped freq=2
"Demande adressée au Ministre par la personne demandeur ou par l'institution de rattachement du demandeur,",demande adressee au ministre par la personne demandeur ou par l institution de rattachement du demandeur ,DOC_REQ_APPLICATION_LETTER,medium,fr,auto-top100-pass-2026-03-21,auto from top unmapped freq=2
"Document de projet de recherche à effectuer,",document de projet de recherche a effectuer ,DOC_EDU_RESEARCH_MEMOIR,medium,fr,auto-top100-pass-2026-03-21,auto from top unmapped freq=2
"Casier judiciaire,",casier judiciaire ,DOC_JUD_CRIMINAL_RECORD,medium,fr,auto-top100-pass-2026-03-21,auto from top unmapped freq=2
"Fiche de poste ou qualification ciblée,",fiche de poste ou qualification ciblee ,DOC_REQ_APPLICATION_FORM,medium,fr,auto-top100-pass-2026-03-21,auto from top unmapped freq=2
"Lettre de convention de partenariat,",lettre de convention de partenariat ,DOC_REQ_APPLICATION_LETTER,medium,fr,auto-top100-pass-2026-03-21,auto from top unmapped freq=2
"Demande,",demande ,DOC_REQ_APPLICATION_LETTER,medium,fr,auto-top100-pass-2026-03-21,auto from top unmapped freq=2
"Demande adressée à Monsieur le Ministre chargé de l'Intérieur indiquant le motif , le lieu et la durée de séjour,",demande adressee a monsieur le ministre charge de l interieur indiquant le motif le lieu et la duree de sejour ,DOC_REQ_APPLICATION_LETTER,medium,fr,auto-top100-pass-2026-03-21,auto from top unmapped freq=2
"Bordereau d'envoi auto-école,",bordereau d envoi auto ecole ,DOC_PAY_BANK_SLIP,medium,fr,auto-top100-pass-2026-03-21,auto from top unmapped freq=2
"Certificat de paiement/Centre fiscal,",certificat de paiement centre fiscal ,DOC_TAX_NIF,medium,fr,auto-top100-pass-2026-03-21,auto from top unmapped freq=2
Rapport d'auto évaluation pour l'accréditation (à remplir),rapport d auto evaluation pour l accreditation a remplir ,DOC_EDU_RESEARCH_MEMOIR,medium,fr,auto-top200-pass-2026-03-21,auto from top unmapped freq=2
"Canevas à remplir, à retirer à la Direction Générale de l'Enseignement Supérieur (DGES)ou à télécharger sur le site WWW.mesupres.gov.mg, et à déposer en 5 exemplaires dûment remplis",canevas a remplir a retirer a la direction generale de l enseignement superieur dges ou a telecharger sur le site www mesupres gov mg et a deposer en 5 exemplaires dument remplis,DOC_REQ_APPLICATION_FORM,medium,fr,auto-top200-pass-2026-03-21,auto from top unmapped freq=2
Rapport de recherche sur le produit,rapport de recherche sur le produit,DOC_EDU_RESEARCH_MEMOIR,medium,fr,auto-top200-pass-2026-03-21,auto from top unmapped freq=2
"Certificat d’inscription,",certificat d inscription ,DOC_EDU_CERT_SUCCESS,medium,fr,auto-top200-pass-2026-03-21,auto from top unmapped freq=2
"Attestation d’inscription auprès d’université,",attestation d inscription aupres d universite ,DOC_EDU_STUDENT_CARD,medium,fr,auto-top200-pass-2026-03-21,auto from top unmapped freq=2
"Liste des formateurs avec autorisation d'enseigner,",liste des formateurs avec autorisation d enseigner ,DOC_REQ_APPLICATION_LETTER,medium,fr,auto-top200-pass-2026-03-21,auto from top unmapped freq=2
"Autorisation d'enseigner,",autorisation d enseigner ,DOC_REQ_APPLICATION_LETTER,medium,fr,auto-top200-pass-2026-03-21,auto from top unmapped freq=2
Si étranger autorisation de travail sur le territoire national,si etranger autorisation de travail sur le territoire national,DOC_REQ_APPLICATION_LETTER,medium,fr,auto-top200-pass-2026-03-21,auto from top unmapped freq=2
"Tout les documents relatifs au terrain s'il n'est pas inscrit au nom du propriétaire (Certificat de notoriété, acte de vente, offre, autorisation, acte de partage,...)",tout les documents relatifs au terrain s il n est pas inscrit au nom du proprietaire certificat de notoriete acte de vente offre autorisation acte de partage ,DOC_REQ_APPLICATION_LETTER,medium,fr,auto-top200-pass-2026-03-21,auto from top unmapped freq=2
"Autorisation APIPA,",autorisation apipa ,DOC_REQ_APPLICATION_LETTER,medium,fr,auto-top200-pass-2026-03-21,auto from top unmapped freq=2
"Procès-verbal de prélèvement d’échantillon délivré par le Ministère chargé du Commerce avec 2 échantillons scellés à emballage intact pour chaque produit à analyser, Certificat phytosanitaire (selon le cas des produits) (01),",proces verbal de prelevement d echantillon delivre par le ministere charge du commerce avec 2 echantillons scelles a emballage intact pour chaque produit a analyser certificat phytosanitaire selon le cas des produits 01 ,DOC_TECH_ANALYSIS_REPORT,medium,fr,auto-top200-pass-2026-03-21,auto from top unmapped freq=2
"Projet faisant état de la nouvelle prise en charge de la couverture médicale des travailleurs (infrastructures, personnel médical et paramédical, ressources financières …)",projet faisant etat de la nouvelle prise en charge de la couverture medicale des travailleurs infrastructures personnel medical et paramedical ressources financieres ,DOC_TECH_ANALYSIS_REPORT,medium,fr,auto-top200-pass-2026-03-21,auto from top unmapped freq=2
Document certifiant la résidence de l'affêteur à Madagascar,document certifiant la residence de l affeteur a madagascar,DOC_RES_CERT,medium,fr,auto-top200-pass-2026-03-21,auto from top unmapped freq=2
Pièce certifiant la résidence du propriétaire à Madagascar,piece certifiant la residence du proprietaire a madagascar,DOC_RES_CERT,medium,fr,auto-top200-pass-2026-03-21,auto from top unmapped freq=2
Derniers rapport de visite et permis de navigation,derniers rapport de visite et permis de navigation,DOC_EDU_RESEARCH_MEMOIR,medium,fr,auto-top200-pass-2026-03-21,auto from top unmapped freq=2
"Attestation de régularité vis-à-vis de l'ARTEC (ex-OMERT) (si, selon le dernier rapport de visite, le navire a utilisé une station radio)",attestation de regularite vis a vis de l artec ex omert si selon le dernier rapport de visite le navire a utilise une station radio ,DOC_EDU_RESEARCH_MEMOIR,medium,fr,auto-top200-pass-2026-03-21,auto from top unmapped freq=2
Identification complète de l'affréteur coque nue:  Carte nationale d'identité ou carte de résidence d'étranger,identification complete de l affreteur coque nue carte nationale d identite ou carte de residence d etranger,DOC_RES_CERT,medium,fr,auto-top200-pass-2026-03-21,auto from top unmapped freq=2
Identification complète du propriétaire acquéreur ou donataire: carte nationale d'identité ou carte de résidence d'étranger,identification complete du proprietaire acquereur ou donataire carte nationale d identite ou carte de residence d etranger,DOC_RES_CERT,medium,fr,auto-top200-pass-2026-03-21,auto from top unmapped freq=2
"01 copie du certificat de base,",01 copie du certificat de base ,DOC_CERTIFIED_COPY,medium,fr,auto-top200-pass-2026-03-21,auto from top unmapped freq=2
"01 copie du certificat d'aptitude médical,",01 copie du certificat d aptitude medical ,DOC_CERTIFIED_COPY,medium,fr,auto-top200-pass-2026-03-21,auto from top unmapped freq=2
Certificat de bonne conduite délivré par le Fokontany,certificat de bonne conduite delivre par le fokontany,DOC_RES_CERT,medium,fr,auto-top200-pass-2026-03-21,auto from top unmapped freq=2
(vii) Lettre de mandatement pour les sous-traitants, vii lettre de mandatement pour les sous traitants,DOC_REQ_APPLICATION_LETTER,medium,fr,auto-top200-pass-2026-03-21,auto from top unmapped freq=2
(x) Pour les locataires d'aéroport: copie d'autorisation d'activité, x pour les locataires d aeroport copie d autorisation d activite,DOC_REQ_APPLICATION_LETTER,medium,fr,auto-top200-pass-2026-03-21,auto from top unmapped freq=2
Copie de l’Autorisation d’exploiter valide.,copie de l autorisation d exploiter valide ,DOC_REQ_APPLICATION_LETTER,medium,fr,auto-top200-pass-2026-03-21,auto from top unmapped freq=2
"Copie de la Carte d’Identité Fiscale, Carte Statistique, attestation d’immatriculation au Registre de Commerce et des Sociétés",copie de la carte d identite fiscale carte statistique attestation d immatriculation au registre de commerce et des societes,DOC_CERTIFIED_COPY,medium,fr,auto-top200-pass-2026-03-21,auto from top unmapped freq=2
Copie du certificat d’enregistrement auprès de la Direction Régionale en charge de l’Industrie et de la coopérativisation,copie du certificat d enregistrement aupres de la direction regionale en charge de l industrie et de la cooperativisation,DOC_CERTIFIED_COPY,medium,fr,auto-top200-pass-2026-03-21,auto from top unmapped freq=2
Fiche de renseignement à remplir délivré par le Ministère de l'Artisanat et des Métiers,fiche de renseignement a remplir delivre par le ministere de l artisanat et des metiers,DOC_REQ_APPLICATION_FORM,medium,fr,auto-top200-pass-2026-03-21,auto from top unmapped freq=1
Rapport d’activité annuelle,rapport d activite annuelle,DOC_EDU_RESEARCH_MEMOIR,medium,fr,auto-top200-pass-2026-03-21,auto from top unmapped freq=1
Certificat d’existence au niveau Fokontany,certificat d existence au niveau fokontany,DOC_RES_CERT,medium,fr,auto-top200-pass-2026-03-21,auto from top unmapped freq=1
Autorisation d'exportations et PV de constatation et redevance (pour le bois),autorisation d exportations et pv de constatation et redevance pour le bois ,DOC_REQ_APPLICATION_LETTER,medium,fr,auto-top200-pass-2026-03-21,auto from top unmapped freq=1
1 lettre de prescription d’urbanisme,1 lettre de prescription d urbanisme,DOC_REQ_APPLICATION_LETTER,medium,fr,auto-top200-pass-2026-03-21,auto from top unmapped freq=1
BE (Bordereau d’Envoi) ou TLO (Télégramme Lettre Officielle),be bordereau d envoi ou tlo telegramme lettre officielle ,DOC_REQ_APPLICATION_LETTER,medium,fr,auto-top200-pass-2026-03-21,auto from top unmapped freq=1
"Lettre d’intention,",lettre d intention ,DOC_REQ_APPLICATION_LETTER,medium,fr,auto-top200-pass-2026-03-21,auto from top unmapped freq=1
"Rapport de sensibilisation annexé d’une fiche de présence,",rapport de sensibilisation annexe d une fiche de presence ,DOC_EDU_RESEARCH_MEMOIR,medium,fr,auto-top200-pass-2026-03-21,auto from top unmapped freq=1
"Election de domicile à Madagascar,",election de domicile a madagascar ,DOC_RES_CERT,medium,fr,auto-top200-pass-2026-03-21,auto from top unmapped freq=1
"Rapport de la Prospection,",rapport de la prospection ,DOC_EDU_RESEARCH_MEMOIR,medium,fr,auto-top200-pass-2026-03-21,auto from top unmapped freq=1
"Un (1) extrait cadastral ou jugement du Tribunal Terrier Ambulant avec mention « POUR IMMATRICULATION »,",un 1 extrait cadastral ou jugement du tribunal terrier ambulant avec mention pour immatriculation ,DOC_VEH_REG_CARD,medium,fr,auto-top200-pass-2026-03-21,auto from top unmapped freq=1
"Certificat d’occupation délivré par le Chef Fokontany,",certificat d occupation delivre par le chef fokontany ,DOC_RES_CERT,medium,fr,auto-top200-pass-2026-03-21,auto from top unmapped freq=1
Procuration dûment légalisée et enregistrée,procuration dument legalisee et enregistree,DOC_CERTIFIED_COPY,medium,fr,auto-top200-pass-2026-03-21,auto from top unmapped freq=1
